time,station,temperature,humidity,wind
2026-09-28T00:00:00Z,garden,9.8,96,3.2
2026-09-28T00:00:00Z,roof,8.5,95,7.1
2026-09-28T00:00:00Z,lake,7.2,99,5.0
2026-09-28T01:00:00Z,garden,9.5,98,4.5
2026-09-28T01:00:00Z,roof,8.3,95,6.5
2026-09-28T01:00:00Z,lake,6.7,99,2.2
2026-09-28T02:00:00Z,garden,9.0,98,5.7
2026-09-28T02:00:00Z,roof,7.7,96,7.1
2026-09-28T02:00:00Z,lake,6.3,99,4.6
2026-09-28T03:00:00Z,garden,8.7,99,5.6
2026-09-28T03:00:00Z,roof,6.9,98,8.3
2026-09-28T03:00:00Z,lake,5.4,99,3.2
2026-09-28T04:00:00Z,garden,8.7,97,5.7
2026-09-28T04:00:00Z,roof,7.4,99,8.5
2026-09-28T04:00:00Z,lake,5.3,99,4.2
2026-09-28T05:00:00Z,garden,9.4,96,2.8
2026-09-28T05:00:00Z,roof,8.4,94,6.5
2026-09-28T05:00:00Z,lake,6.2,99,5.7
2026-09-28T06:00:00Z,garden,10.4,92,3.6
2026-09-28T06:00:00Z,roof,8.6,93,6.7
2026-09-28T06:00:00Z,lake,7.2,99,4.5
2026-09-28T07:00:00Z,garden,11.3,92,3.8
2026-09-28T07:00:00Z,roof,10.5,91,7.5
2026-09-28T07:00:00Z,lake,8.6,98,4.8
2026-09-28T08:00:00Z,garden,13.6,85,4.8
2026-09-28T08:00:00Z,roof,11.2,86,6.4
2026-09-28T08:00:00Z,lake,9.8,93,5.2
2026-09-28T09:00:00Z,garden,15.1,79,5.3
2026-09-28T09:00:00Z,roof,12.6,80,5.6
2026-09-28T09:00:00Z,lake,11.1,92,2.9
2026-09-28T10:00:00Z,garden,16.3,74,3.8
2026-09-28T10:00:00Z,roof,14.8,74,8.7
2026-09-28T10:00:00Z,lake,13.6,87,5.5
2026-09-28T11:00:00Z,garden,18.1,74,3.1
2026-09-28T11:00:00Z,roof,15.5,70,5.3
2026-09-28T11:00:00Z,lake,14.0,81,2.9
2026-09-28T12:00:00Z,garden,19.1,68,4.8
2026-09-28T12:00:00Z,roof,17.0,71,5.9
2026-09-28T12:00:00Z,lake,15.7,79,2.5
2026-09-28T13:00:00Z,garden,19.8,62,5.7
2026-09-28T13:00:00Z,roof,18.5,68,5.1
2026-09-28T13:00:00Z,lake,17.3,72,5.9
2026-09-28T14:00:00Z,garden,20.5,65,3.1
2026-09-28T14:00:00Z,roof,18.6,62,7.3
2026-09-28T14:00:00Z,lake,16.9,73,4.8
2026-09-28T15:00:00Z,garden,20.9,63,2.1
2026-09-28T15:00:00Z,roof,18.6,66,5.5
2026-09-28T15:00:00Z,lake,17.8,73,2.1
2026-09-28T16:00:00Z,garden,20.9,66,6.0
2026-09-28T16:00:00Z,roof,19.4,65,6.7
2026-09-28T16:00:00Z,lake,17.1,73,5.5
2026-09-28T17:00:00Z,garden,19.7,64,3.6
2026-09-28T17:00:00Z,roof,18.8,66,6.4
2026-09-28T17:00:00Z,lake,16.9,75,3.3
2026-09-28T18:00:00Z,garden,19.1,68,2.8
2026-09-28T18:00:00Z,roof,17.1,71,9.0
2026-09-28T18:00:00Z,lake,16.0,79,5.7
2026-09-28T19:00:00Z,garden,17.2,73,2.5
2026-09-28T19:00:00Z,roof,16.1,72,8.1
2026-09-28T19:00:00Z,lake,15.1,80,2.7
2026-09-28T20:00:00Z,garden,16.1,74,4.7
2026-09-28T20:00:00Z,roof,14.7,77,7.0
2026-09-28T20:00:00Z,lake,13.5,84,5.0
2026-09-28T21:00:00Z,garden,14.0,80,4.2
2026-09-28T21:00:00Z,roof,12.7,82,6.2
2026-09-28T21:00:00Z,lake,11.3,90,3.7
2026-09-28T22:00:00Z,garden,12.5,87,5.3
2026-09-28T22:00:00Z,roof,12.0,88,7.7
2026-09-28T22:00:00Z,lake,10.6,91,5.0
2026-09-28T23:00:00Z,garden,11.7,91,5.6
2026-09-28T23:00:00Z,roof,9.5,88,5.3
2026-09-28T23:00:00Z,lake,8.1,96,2.0
