date,category,item,amount
2026-09-01,Groceries,Supermarket,71.17
2026-09-01,Rent,Monthly rent,1200.00
2026-09-02,Health,Gym,35.00
2026-09-03,Groceries,Supermarket,94.16
2026-09-04,Fun,Cinema,22.08
2026-09-05,Transport,Bus pass,55.00
2026-09-05,Transport,Fuel,37.07
2026-09-05,Utilities,Internet,45.00
2026-09-06,Fun,Concert,54.20
2026-09-07,Health,Pharmacy,28.92
2026-09-11,Utilities,Water,34.53
2026-09-12,Eating out,Pizza night,36.58
2026-09-12,Health,Pharmacy,21.50
2026-09-13,Groceries,Farmers market,28.74
2026-09-14,Groceries,Supermarket,69.40
2026-09-15,Health,Pharmacy,27.79
2026-09-16,Fun,Books,19.17
2026-09-16,Transport,Fuel,50.86
2026-09-17,Groceries,Supermarket,67.10
2026-09-18,Groceries,Bakery,16.97
2026-09-20,Eating out,Cafe,8.91
2026-09-20,Groceries,Supermarket,60.69
2026-09-22,Groceries,Supermarket,52.83
2026-09-24,Groceries,Supermarket,58.84
2026-09-26,Groceries,Bakery,15.46
2026-09-27,Eating out,Cafe,11.54
2026-09-27,Groceries,Supermarket,62.04
2026-09-28,Groceries,Bakery,9.13
2026-09-28,Groceries,Farmers market,28.76
2026-09-28,Groceries,Supermarket,66.84
